{"cameraMode":{"drawMode":0,"name":"Shaded","section":"Shading Mode"},"sceneLighting":false,"audioPlay":false,"sceneViewState":{"showFog":true,"showMaterialUpdate":false,"showSkybox":true,"showFlares":true,"showImageEffects":true,"showParticleSystems":true},"in2DMode":false,"pivot":{"x":0.09999990463256836,"y":1.6599998474121094,"z":-1.1500000953674317},"rotation":{"x":-0.03029806911945343,"y":0.021585404872894288,"z":-0.0006544989300891757,"w":-0.9993076324462891},"size":28.243452072143556,"orthographic":true}