{"cameraMode":{"drawMode":0,"name":"Shaded","section":"Shading Mode"},"sceneLighting":false,"audioPlay":false,"sceneViewState":{"showFog":true,"showMaterialUpdate":false,"showSkybox":true,"showFlares":true,"showImageEffects":true,"showParticleSystems":true},"in2DMode":false,"pivot":{"x":0.09999990463256836,"y":1.6599998474121094,"z":-1.149999976158142},"rotation":{"x":-0.10808971524238587,"y":0.012522857636213303,"z":-0.0013617512304335833,"w":-0.9940613508224487},"size":14.604599952697754,"orthographic":false}