{"cameraMode":{"drawMode":0,"name":"Shaded","section":"Shading Mode"},"sceneLighting":false,"audioPlay":false,"sceneViewState":{"showFog":true,"showMaterialUpdate":false,"showSkybox":true,"showFlares":true,"showImageEffects":true,"showParticleSystems":true},"in2DMode":false,"pivot":{"x":0.4199346899986267,"y":0.9093288779258728,"z":-0.8059961199760437},"rotation":{"x":-0.06026844680309296,"y":0.012573766522109509,"z":-0.0007592920446768403,"w":-0.9981027841567993},"size":11.448479652404786,"orthographic":true}