{"cameraMode":{"drawMode":0,"name":"Shaded","section":"Shading Mode"},"sceneLighting":false,"audioPlay":false,"sceneViewState":{"showFog":true,"showMaterialUpdate":false,"showSkybox":true,"showFlares":true,"showImageEffects":true,"showParticleSystems":true},"in2DMode":false,"pivot":{"x":0.09999990463256836,"y":1.6599998474121094,"z":-1.149999976158142},"rotation":{"x":-0.02130821906030178,"y":-0.0024024476297199728,"z":0.000051133181841578335,"w":-0.9997701048851013},"size":10.92870044708252,"orthographic":true}